<?xml version="1.0"?>
<root>
	<radiation_simulator_target_version>v0.8.7</radiation_simulator_target_version>
	<radiation_environment>ENVIRONMENT_1</radiation_environment>
	<radiation_sources_info>
		<radiation_sources_netlist>../conf_files/current_version/radiation_sources.scs</radiation_sources_netlist>
		<radiation_sources>
			<radiation_source>
				<radiation_source_name>Double Exponential</radiation_source_name>
				<radiation_source_subcircuit_name>double_exponential</radiation_source_subcircuit_name>
				<radiation_source_substitute_tx>false</radiation_source_substitute_tx>
				<radiation_source_node>Plus</radiation_source_node>
			</radiation_source>
			<radiation_source>
				<radiation_source_name>Bias dependent junction SE model</radiation_source_name>
				<radiation_source_subcircuit_name>tx_bias_dependent_junction_SE</radiation_source_subcircuit_name>
				<radiation_source_substitute_tx>true</radiation_source_substitute_tx>
				<radiation_source_substitute_tx>0</radiation_source_substitute_tx>
			</radiation_source>
		</radiation_sources>
	</radiation_sources_info>
</root>
