<?xml version="1.0"?>
<!-- Non default values (value_min, value_max, value step, etc) 
	should be in an exponential based format, ex: '0.2e3' -->
<!-- Magnitude time is needed!!! -->
<root>
	<radiation_simulator_target_version>v1.1.3</radiation_simulator_target_version>
	<experiment_title>Inverter test</experiment_title>
	<save_all_simulations>true</save_all_simulations>
	<analysis>
		<!-- Sensible nodes detection -->
		<sensible_nodes_detection_analysis>
			<analysis_statement>
				<statement>
					<name>sensible_nodes_tran</name>
					<master_name>tran</master_name>
					<advanced_analysis>false</advanced_analysis>
					<description>Sensible nodes detection analysis</description>
					<parameters>
						<parameter>
							<name>stop</name>
							<value>40n</value>
						</parameter>
						<parameter>
							<name>annotate</name>
							<value>status</value>
						</parameter>
						<parameter>
							<name>maxiters</name>
							<value>5</value>
						</parameter>
					</parameters>
				</statement>
			</analysis_statement>
			<control_statements>				
				<statement>
					<master_name>options</master_name>
					<name>simulatorOptions</name>
					<advanced_control_statement>false</advanced_control_statement>
					<special_syntax_control_statement>false</special_syntax_control_statement>
					<description>transient analysis options</description>
					<parameters>
						<parameter>
							<name>reltol</name>
							<value>1e-3</value>
						</parameter>
						<parameter>
							<name>vabstol</name>
							<value>1e-6</value>
						</parameter>
						<parameter>
							<name>iabstol</name>
							<value>1e-12</value>
						</parameter>
						<parameter>
							<name>temp</name>
							<value>27</value>
						</parameter>
						<parameter>
							<name>tnom</name>
							<value>27</value>
						</parameter>
						<parameter>
							<name>scale</name>
							<value>1.0</value>
						</parameter>
						<parameter>
							<name>gmin</name>
							<value>1e-12</value>
						</parameter>
						<parameter>
							<name>rforce</name>
							<value>1</value>
						</parameter>
						<parameter>
							<name>maxnotes</name>
							<value>5</value>
						</parameter>
						<parameter>
							<name>maxwarns</name>
							<value>5</value>
						</parameter>
						<parameter>
							<name>digits</name>
							<value>5</value>
						</parameter>
						<parameter>
							<name>cols</name>
							<value>80</value>
						</parameter>
						<parameter>
							<name>pivrel</name>
							<value>1e-3</value>
						</parameter>
					</parameters>
				</statement>
				<statement>
					<master_name>options</master_name>
					<name>saveOptions</name>
					<advanced_control_statement>false</advanced_control_statement>
					<special_syntax_control_statement>false</special_syntax_control_statement>
					<description>transient analysis saving options</description>
					<parameters>
						<parameter>
							<name>save</name>
							<value>allpub</value>
						</parameter>
					</parameters>
				</statement>
			</control_statements>
		</sensible_nodes_detection_analysis>
	</analysis>
	<processed_magnitudes>
		<magnitude>
			<magnitude_name>time</magnitude_name>
			<magnitude_analyzable>false</magnitude_analyzable>
			<magnitude_abs_error_margin>0</magnitude_abs_error_margin>
			<magnitude_analyze_error_in_time>false</magnitude_analyze_error_in_time>
			<magnitude_error_time_span>0</magnitude_error_time_span>
		</magnitude>
		<magnitude>
			<magnitude_name>input_s</magnitude_name>
			<magnitude_analyzable>false</magnitude_analyzable>
			<magnitude_abs_error_margin>0</magnitude_abs_error_margin>
			<magnitude_analyze_error_in_time>false</magnitude_analyze_error_in_time>
			<magnitude_error_time_span>0</magnitude_error_time_span>
		</magnitude>
		<magnitude>
			<magnitude_name>output_s</magnitude_name>
			<magnitude_analyzable>true</magnitude_analyzable>
			<magnitude_abs_error_margin>0.5</magnitude_abs_error_margin>
			<magnitude_analyze_error_in_time>true</magnitude_analyze_error_in_time>
			<magnitude_error_time_span>0.5e-9</magnitude_error_time_span>
		</magnitude>
		<!-- <magnitude>
			<magnitude_name>ExampleImpact</magnitude_name>
			<magnitude_analyzable>false</magnitude_analyzable>
			<magnitude_abs_error_margin>0.1</magnitude_abs_error_margin>
			<magnitude_analyze_error_in_time>true</magnitude_analyze_error_in_time>
			<magnitude_error_time_span>1e-9</magnitude_error_time_span>
		</magnitude> -->
	</processed_magnitudes>
	<injection_radiation_sources_info>
		<radiation_sources_netlist>../conf_files/injection_radiation_sources.scs</radiation_sources_netlist>
		<radiation_sources>
			<radiation_source>
				<substitute_statement>false</substitute_statement>
				<radiated_node>Plus</radiated_node>
				<statement>
					<name>double_exponential</name>
					<master_name>subcircuit</master_name>
					<nodes>
						<node>
							<node_name>Plus</node_name>
						</node>
					</nodes>
					<!-- non radiation parameters -->
					<parameters>
					</parameters>
					<children>
						<statement>
							<name>g_inj</name>
							<master_name>bsource</master_name>
							<nodes>
								<node>
									<node_name>0</node_name>
								</node>
								<node>
									<node_name>Plus</node_name>
								</node>
							</nodes>
							<parameters>
								<parameter>
									<name>i</name>
									<value>max(0,sgn($time-tImpact))*I0*(exp(-($time-tImpact)/tau2)-exp(-($time-tImpact)/tau1))</value>
								</parameter>
							</parameters>
						</statement>
					</children>
				</statement>
			</radiation_source>
		</radiation_sources>
		<!-- Radiation Parameters are shared between sources.-->
		<!-- Standard Parameters are specified in each radiation source subcircuit -->
		<radiation_parameters>
			<radiation_parameter>
				<radiation_parameter_name>Qcoll</radiation_parameter_name>
				<radiation_parameter_default_value>3e-12</radiation_parameter_default_value>
				<radiation_parameter_value_min>0.1e-12</radiation_parameter_value_min>
				<radiation_parameter_value_max>50e-12</radiation_parameter_value_max>
				<radiation_parameter_value_stop_percentage>5</radiation_parameter_value_stop_percentage>
				<radiation_parameter_fixed>false</radiation_parameter_fixed>
				<radiation_parameter_allow_find_critical_value>true</radiation_parameter_allow_find_critical_value>
				<radiation_parameter_value_lineal_change>false</radiation_parameter_value_lineal_change>
			</radiation_parameter>
			<radiation_parameter>
				<radiation_parameter_name>tau1</radiation_parameter_name>
				<radiation_parameter_default_value>0.1e-9</radiation_parameter_default_value>
				<radiation_parameter_fixed>true</radiation_parameter_fixed>
			</radiation_parameter>
			<radiation_parameter>	
				<radiation_parameter_name>tau2</radiation_parameter_name>
				<radiation_parameter_default_value>2e-9</radiation_parameter_default_value>
				<radiation_parameter_fixed>true</radiation_parameter_fixed>
			</radiation_parameter>
			<radiation_parameter>	
				<radiation_parameter_name>I0</radiation_parameter_name>
				<radiation_parameter_default_value>Qcoll/(tau2-tau1)</radiation_parameter_default_value>
				<radiation_parameter_fixed>true</radiation_parameter_fixed>
			</radiation_parameter>
			<radiation_parameter>	
				<radiation_parameter_name>tImpact</radiation_parameter_name>
				<radiation_parameter_default_value>2e-9</radiation_parameter_default_value>
				<radiation_parameter_fixed>true</radiation_parameter_fixed>
			</radiation_parameter>
		</radiation_parameters>
		<injectable_statements>
			<statement>
				<master_name>pair_inv</master_name>
			</statement>
			<statement>
				<master_name>inv</master_name>
			</statement>
			<statement>
				<master_name>nch</master_name>
			</statement>
			<statement>
				<master_name>pch</master_name>
			</statement>
			<statement>
				<master_name>resistor</master_name>
			</statement>
			<statement>
				<master_name>capacitor</master_name>
			</statement>
		</injectable_statements>
	</injection_radiation_sources_info>
	<replacement_radiation_sources_info>
		<!-- Radiation Parameters are shared between sources.-->
		<!-- Standard Parameters are specified in each radiation source subcircuit -->
		<radiation_parameters>					
			<radiation_parameter>
				<radiation_parameter_name>Qcoll</radiation_parameter_name>
				<radiation_parameter_default_value>3e-12</radiation_parameter_default_value>
				<radiation_parameter_value_min>0.1e-12</radiation_parameter_value_min>
				<radiation_parameter_value_max>50e-12</radiation_parameter_value_max>
				<radiation_parameter_value_stop_percentage>5</radiation_parameter_value_stop_percentage>
				<radiation_parameter_fixed>false</radiation_parameter_fixed>
				<radiation_parameter_allow_find_critical_value>false</radiation_parameter_allow_find_critical_value>
				<radiation_parameter_value_lineal_change>true</radiation_parameter_value_lineal_change>
			</radiation_parameter>
			<radiation_parameter>
				<radiation_parameter_name>tau1</radiation_parameter_name>
				<radiation_parameter_default_value>0.1e-9</radiation_parameter_default_value>
				<radiation_parameter_fixed>true</radiation_parameter_fixed>
			</radiation_parameter>
			<radiation_parameter>	
				<radiation_parameter_name>tau2</radiation_parameter_name>
				<radiation_parameter_default_value>2e-9</radiation_parameter_default_value>
				<radiation_parameter_fixed>true</radiation_parameter_fixed>
			</radiation_parameter>
			<radiation_parameter>	
				<radiation_parameter_name>I0</radiation_parameter_name>
				<radiation_parameter_default_value>Qcoll/(tau2-tau1)</radiation_parameter_default_value>
				<radiation_parameter_fixed>true</radiation_parameter_fixed>
			</radiation_parameter>
			<radiation_parameter>	
				<radiation_parameter_name>tImpact</radiation_parameter_name>
				<radiation_parameter_default_value>2e-9</radiation_parameter_default_value>
				<radiation_parameter_fixed>true</radiation_parameter_fixed>
			</radiation_parameter>
		</radiation_parameters>
		<radiation_sources>
			<radiation_source>
				<substitute_statement>true</substitute_statement>
				<substituted_master_name>pch</substituted_master_name>
				<statement>
					<name>pch_altered</name>
					<master_name>subcircuit</master_name>
					<nodes>
						<node>
							<node_name>S</node_name>
						</node>
						<node>
							<node_name>G</node_name>
						</node>
						<node>
							<node_name>D</node_name>
						</node>
						<node>
							<node_name>B</node_name>
						</node>
					</nodes>
					<!-- non radiation parameters -->
					<parameters>
						<parameter>
							<name>altered_l</name>
							<value>40n</value>
						</parameter>
						<parameter>
							<name>altered_w</name>
							<value>120n</value>
						</parameter>
						<parameter>
							<name>altered_m</name>
							<value>1</value>
						</parameter>
					</parameters>
					<children>
						<statement>
							<name>g_inj</name>
							<master_name>bsource</master_name>
							<nodes>
								<node>
									<node_name>0</node_name>
								</node>
								<node>
									<node_name>D</node_name>
								</node>
							</nodes>
							<parameters>
								<parameter>
									<name>i</name>
									<value>max(0,sgn($time-tImpact))*I0*(exp(-($time-tImpact)/tau2)-exp(-($time-tImpact)/tau1))</value>
								</parameter>
							</parameters>
						</statement>
						<statement>
							<name>M0</name>
							<master_name>pch</master_name>
							<nodes>
								<node>
									<node_name>S</node_name>
								</node>
								<node>
									<node_name>G</node_name>
								</node>
								<node>
									<node_name>D</node_name>
								</node>
								<node>
									<node_name>B</node_name>
								</node>
							</nodes>
							<parameters>
								<parameter>
									<name>l</name>
									<value>altered_l</value>
								</parameter>
								<parameter>
									<name>w</name>
									<value>altered_w</value>
								</parameter>
								<parameter>
									<name>m</name>
									<value>altered_m</value>
								</parameter>
							</parameters>
						</statement>
					</children>
				</statement>
			</radiation_source>			
		</radiation_sources>
		<replaceable_statements>
			<statement>
				<master_name>nch</master_name>
				<substitute_master_name>nch_altered</substitute_master_name>
			</statement>
			<statement>
				<master_name>pch</master_name>
				<substitute_master_name>pch_altered</substitute_master_name>
			</statement>
		</replaceable_statements>
	</replacement_radiation_sources_info>
	<!-- Nodes that not depend on the technology (but on the circuit design) and are not going to be radiated in the Injection Scheme-->
	<exp_unalterable_nodes>
		<exp_unalterable_node>
			<exp_unalterable_node_name>ExampleImpact</exp_unalterable_node_name>
		</exp_unalterable_node>
	</exp_unalterable_nodes>
	<!-- Statements that are not going to be radiated/substituted, as well as its children-->
	<unalterable_statements>
		<statement>
			<master_name>quartet_inv</master_name>
		</statement>
	</unalterable_statements>
</root>
