<?xml version="1.0"?>

<!-- Non default values (value_min, value_max, value step, etc) 
	should be in an exponential based format, ex: '0.2e3' -->
<root>
	<radiation_simulator_target_version>v0.10.1</radiation_simulator_target_version>
	<experiment_title>Inverter test</experiment_title>
	<processed_magnitudes>
		<magnitude>
			<magnitude_name>time</magnitude_name>
			<magnitude_analyzable>false</magnitude_analyzable>
			<magnitude_abs_error_margin>0</magnitude_abs_error_margin>
			<magnitude_analyze_error_in_time>false</magnitude_analyze_error_in_time>
			<magnitude_error_time_span>0</magnitude_error_time_span>
		</magnitude>
		<magnitude>
			<magnitude_name>input_s</magnitude_name>
			<magnitude_analyzable>false</magnitude_analyzable>
			<magnitude_abs_error_margin>0</magnitude_abs_error_margin>
			<magnitude_analyze_error_in_time>false</magnitude_analyze_error_in_time>
			<magnitude_error_time_span>0</magnitude_error_time_span>
		</magnitude>
		<magnitude>
			<magnitude_name>output_s</magnitude_name>
			<magnitude_analyzable>true</magnitude_analyzable>
			<magnitude_abs_error_margin>0.001</magnitude_abs_error_margin>
			<magnitude_analyze_error_in_time>true</magnitude_analyze_error_in_time>
			<magnitude_error_time_span>1e-9</magnitude_error_time_span>
		</magnitude>
		<magnitude>
			<magnitude_name>ExampleImpact</magnitude_name>
			<magnitude_analyzable>false</magnitude_analyzable>
			<magnitude_abs_error_margin>0.1</magnitude_abs_error_margin>
			<magnitude_analyze_error_in_time>true</magnitude_analyze_error_in_time>
			<magnitude_error_time_span>1e-9</magnitude_error_time_span>
		</magnitude>
	</processed_magnitudes>
	<injection_radiation_sources_info>
		<radiation_sources_netlist>../conf_files/current_version/injection_radiation_sources.scs</radiation_sources_netlist>
		<radiation_sources>
			<radiation_source>
				<radiation_source_name>Double Exponential</radiation_source_name>
				<radiation_source_subcircuit_name>double_exponential</radiation_source_subcircuit_name>
				<radiation_source_substitute_statement>false</radiation_source_substitute_statement>
				<radiation_source_node>Plus</radiation_source_node>
				<radiation_parameters>
					<radiation_parameter>
						<radiation_parameter_name>tau1</radiation_parameter_name>
						<radiation_parameter_default_value>0.5e-12</radiation_parameter_default_value>
						<radiation_parameter_value_min>0.3e-12</radiation_parameter_value_min>
						<radiation_parameter_value_max>0.1e-9</radiation_parameter_value_max>
						<radiation_parameter_value_step>0.05e-12</radiation_parameter_value_step>
						<radiation_parameter_independent>true</radiation_parameter_independent>
						<radiation_parameter_fixed>true</radiation_parameter_fixed>
						<radiation_parameter_allow_find_critical_value>false</radiation_parameter_allow_find_critical_value>
					</radiation_parameter>
					<radiation_parameter>	
						<radiation_parameter_name>tau2</radiation_parameter_name>
						<radiation_parameter_default_value>5e-12</radiation_parameter_default_value>
						<radiation_parameter_value_min>0.05e-9</radiation_parameter_value_min>
						<radiation_parameter_value_max>0.2e-9</radiation_parameter_value_max>
						<radiation_parameter_value_step>0.05e-9</radiation_parameter_value_step>
						<radiation_parameter_independent>true</radiation_parameter_independent>
						<radiation_parameter_fixed>true</radiation_parameter_fixed>
						<radiation_parameter_allow_find_critical_value>false</radiation_parameter_allow_find_critical_value>
					</radiation_parameter>
					<radiation_parameter>	
						<radiation_parameter_name>Qcoll</radiation_parameter_name>
						<radiation_parameter_default_value>20e-15</radiation_parameter_default_value>
						<radiation_parameter_value_min>1.0e-15</radiation_parameter_value_min>
						<radiation_parameter_value_max>1.0e-9</radiation_parameter_value_max>
						<radiation_parameter_value_step>100e-15</radiation_parameter_value_step>
						<radiation_parameter_independent>true</radiation_parameter_independent>
						<radiation_parameter_fixed>false</radiation_parameter_fixed>
						<radiation_parameter_allow_find_critical_value>true</radiation_parameter_allow_find_critical_value>
					</radiation_parameter>
					<radiation_parameter>	
						<radiation_parameter_name>I0</radiation_parameter_name>
						<radiation_parameter_default_value>Qcoll/(tau2-tau1)</radiation_parameter_default_value>
						<radiation_parameter_independent>false</radiation_parameter_independent>
						<radiation_parameter_fixed>false</radiation_parameter_fixed>
						<radiation_parameter_allow_find_critical_value>false</radiation_parameter_allow_find_critical_value>
					</radiation_parameter>
					<radiation_parameter>	
						<radiation_parameter_name>tImpact</radiation_parameter_name>
						<radiation_parameter_default_value>2e-12</radiation_parameter_default_value>
						<radiation_parameter_independent>true</radiation_parameter_independent>
						<radiation_parameter_fixed>true</radiation_parameter_fixed>
						<radiation_parameter_allow_find_critical_value>false</radiation_parameter_allow_find_critical_value>
					</radiation_parameter>
				</radiation_parameters>	
			</radiation_source>
		</radiation_sources>
		<injectable_statements>
			<statement>
				<master_name>pair_inv</master_name>
			</statement>
			<statement>
				<master_name>inv</master_name>
			</statement>
			<statement>
				<master_name>nch</master_name>
			</statement>
			<statement>
				<master_name>pch</master_name>
			</statement>
			<statement>
				<master_name>resistor</master_name>
			</statement>
			<statement>
				<master_name>capacitor</master_name>
			</statement>
		</injectable_statements>	
	</injection_radiation_sources_info>
	<replacement_radiation_sources_info>
		<radiation_sources_netlist>../conf_files/current_version/substitute_radiation_sources.scs</radiation_sources_netlist>
		<radiation_sources>
			<radiation_source>
				<radiation_source_name>N TX Double Exponential</radiation_source_name>
				<radiation_source_subcircuit_name>nch_altered</radiation_source_subcircuit_name>
				<radiation_source_substitute_statement>true</radiation_source_substitute_statement>
				<radiation_source_node>Plus</radiation_source_node>
				<radiation_parameters>
					<radiation_parameter>
						<radiation_parameter_name>tau1</radiation_parameter_name>
						<radiation_parameter_default_value>0.5e-12</radiation_parameter_default_value>
						<radiation_parameter_value_min>0.3e-12</radiation_parameter_value_min>
						<radiation_parameter_value_max>0.1e-9</radiation_parameter_value_max>
						<radiation_parameter_value_step>0.05e-12</radiation_parameter_value_step>
						<radiation_parameter_independent>true</radiation_parameter_independent>
						<radiation_parameter_fixed>true</radiation_parameter_fixed>
						<radiation_parameter_allow_find_critical_value>false</radiation_parameter_allow_find_critical_value>
					</radiation_parameter>
					<radiation_parameter>	
						<radiation_parameter_name>tau2</radiation_parameter_name>
						<radiation_parameter_default_value>5e-12</radiation_parameter_default_value>
						<radiation_parameter_value_min>0.05e-9</radiation_parameter_value_min>
						<radiation_parameter_value_max>0.2e-9</radiation_parameter_value_max>
						<radiation_parameter_value_step>0.05e-9</radiation_parameter_value_step>
						<radiation_parameter_independent>true</radiation_parameter_independent>
						<radiation_parameter_fixed>true</radiation_parameter_fixed>
						<radiation_parameter_allow_find_critical_value>false</radiation_parameter_allow_find_critical_value>
					</radiation_parameter>
					<radiation_parameter>	
						<radiation_parameter_name>Qcoll</radiation_parameter_name>
						<radiation_parameter_default_value>20e-15</radiation_parameter_default_value>
						<radiation_parameter_value_min>5e-15</radiation_parameter_value_min>
						<radiation_parameter_value_max>40e-15</radiation_parameter_value_max>
						<radiation_parameter_value_step>5e-15</radiation_parameter_value_step>
						<radiation_parameter_independent>true</radiation_parameter_independent>
						<radiation_parameter_fixed>false</radiation_parameter_fixed>
						<radiation_parameter_allow_find_critical_value>true</radiation_parameter_allow_find_critical_value>
					</radiation_parameter>
					<radiation_parameter>	
						<radiation_parameter_name>I0</radiation_parameter_name>
						<radiation_parameter_default_value>Qcoll/(tau2-tau1)</radiation_parameter_default_value>
						<radiation_parameter_independent>false</radiation_parameter_independent>
						<radiation_parameter_fixed>false</radiation_parameter_fixed>
						<radiation_parameter_allow_find_critical_value>false</radiation_parameter_allow_find_critical_value>
					</radiation_parameter>
					<radiation_parameter>	
						<radiation_parameter_name>tImpact</radiation_parameter_name>
						<radiation_parameter_default_value>2e-12</radiation_parameter_default_value>
						<radiation_parameter_independent>true</radiation_parameter_independent>
						<radiation_parameter_fixed>true</radiation_parameter_fixed>
						<radiation_parameter_allow_find_critical_value>false</radiation_parameter_allow_find_critical_value>
					</radiation_parameter>
				</radiation_parameters>	
			</radiation_source>
			<radiation_source>
				<radiation_source_name>P TX Double Exponential</radiation_source_name>
				<radiation_source_subcircuit_name>pch_altered</radiation_source_subcircuit_name>
				<radiation_source_substitute_statement>true</radiation_source_substitute_statement>
				<radiation_source_node>Plus</radiation_source_node>
				<radiation_parameters>
					<radiation_parameter>
						<radiation_parameter_name>tau1</radiation_parameter_name>
						<radiation_parameter_default_value>0.5e-12</radiation_parameter_default_value>
						<radiation_parameter_value_min>0.3e-12</radiation_parameter_value_min>
						<radiation_parameter_value_max>0.1e-9</radiation_parameter_value_max>
						<radiation_parameter_value_step>0.05e-12</radiation_parameter_value_step>
						<radiation_parameter_independent>true</radiation_parameter_independent>
						<radiation_parameter_fixed>true</radiation_parameter_fixed>
						<radiation_parameter_allow_find_critical_value>false</radiation_parameter_allow_find_critical_value>
					</radiation_parameter>
					<radiation_parameter>	
						<radiation_parameter_name>tau2</radiation_parameter_name>
						<radiation_parameter_default_value>5e-12</radiation_parameter_default_value>
						<radiation_parameter_value_min>0.05e-9</radiation_parameter_value_min>
						<radiation_parameter_value_max>0.2e-9</radiation_parameter_value_max>
						<radiation_parameter_value_step>0.05e-9</radiation_parameter_value_step>
						<radiation_parameter_independent>true</radiation_parameter_independent>
						<radiation_parameter_fixed>true</radiation_parameter_fixed>
						<radiation_parameter_allow_find_critical_value>false</radiation_parameter_allow_find_critical_value>
					</radiation_parameter>
					<radiation_parameter>	
						<radiation_parameter_name>Qcoll</radiation_parameter_name>
						<radiation_parameter_default_value>20e-15</radiation_parameter_default_value>
						<radiation_parameter_value_min>5e-15</radiation_parameter_value_min>
						<radiation_parameter_value_max>40e-15</radiation_parameter_value_max>
						<radiation_parameter_value_step>5e-15</radiation_parameter_value_step>
						<radiation_parameter_independent>true</radiation_parameter_independent>
						<radiation_parameter_fixed>false</radiation_parameter_fixed>
						<radiation_parameter_allow_find_critical_value>true</radiation_parameter_allow_find_critical_value>
					</radiation_parameter>
					<radiation_parameter>	
						<radiation_parameter_name>I0</radiation_parameter_name>
						<radiation_parameter_default_value>Qcoll/(tau2-tau1)</radiation_parameter_default_value>
						<radiation_parameter_independent>false</radiation_parameter_independent>
						<radiation_parameter_fixed>false</radiation_parameter_fixed>
						<radiation_parameter_allow_find_critical_value>false</radiation_parameter_allow_find_critical_value>
					</radiation_parameter>
					<radiation_parameter>	
						<radiation_parameter_name>tImpact</radiation_parameter_name>
						<radiation_parameter_default_value>2e-12</radiation_parameter_default_value>
						<radiation_parameter_independent>true</radiation_parameter_independent>
						<radiation_parameter_fixed>true</radiation_parameter_fixed>
						<radiation_parameter_allow_find_critical_value>false</radiation_parameter_allow_find_critical_value>
					</radiation_parameter>
				</radiation_parameters>	
			</radiation_source>
		</radiation_sources>
		<replaceable_statements>
			<statement>
				<master_name>nch</master_name>
				<substitute_master_name>nch_altered</substitute_master_name>
			</statement>
			<statement>
				<master_name>pch</master_name>
				<substitute_master_name>pch_altered</substitute_master_name>
			</statement>
		</replaceable_statements>
	</replacement_radiation_sources_info>
	<!-- Nodes that not depend on the technology (but on the circuit design) and are not going to be radiated in the Injection Scheme-->
	<exp_unalterable_nodes>
		<exp_unalterable_node>
			<exp_unalterable_node_name>ExampleImpact</exp_unalterable_node_name>
		</exp_unalterable_node>
	</exp_unalterable_nodes>
	<!-- Statements that are not going to be radiated/substituted, as well as its children-->
	<unalterable_statements>
		<statement>
			<master_name>quartet_inv</master_name>
		</statement>
	</unalterable_statements>
</root>
