<?xml version="1.0"?>
<root>
	<technology>tsmc</technology>
	<radiation_simulator_target_version>v0.10.0</radiation_simulator_target_version>
	<excluded_folders>
		<excluded_folder>
			<excluded_folder_name>tsmc40nm models</excluded_folder_name>
			<excluded_folder_path>/opt/cadence/tsmc40nm</excluded_folder_path>
		</excluded_folder>
	</excluded_folders>
	<transistors>
		<statement name="n">
			<master_name>nch</master_name>
			<description>tsmc40nm nmos 4 node transistor</description>
			<nodes>
				<node>
					<position>0</position>
					<name>source</name>
				</node>
				<node>
					<position>1</position>
					<name>gate</name>
				</node>
				<node>
					<position>2</position>
					<name>drain</name>
				</node>
				<node>
					<position>3</position>
					<name>bulk</name>
				</node>
			</nodes>
		</statement>
		<statement name="p">
			<master_name>pch</master_name>
			<description>tsmc40nm pmos 4 node transistor</description>
			<nodes>
				<node>
					<position>0</position>
					<name>drain</name>
				</node>
				<node>
					<position>1</position>
					<name>gate</name>
				</node>
				<node>
					<position>2</position>
					<name>source</name>
				</node>
				<node>
					<position>3</position>
					<name>bulk</name>
				</node>
			</nodes>
		</statement>
	</transistors>
	<tech_unalterable_nodes>
		<tech_unalterable_node>
			<tech_unalterable_node_name>vdd</tech_unalterable_node_name>
		</tech_unalterable_node>
		<tech_unalterable_node>
			<tech_unalterable_node_name>vss</tech_unalterable_node_name>			
		</tech_unalterable_node>
		<tech_unalterable_node>
			<tech_unalterable_node_name>gnd</tech_unalterable_node_name>
		</tech_unalterable_node>
		<tech_unalterable_node>
			<tech_unalterable_node_name>VDD</tech_unalterable_node_name>
		</tech_unalterable_node>
		<tech_unalterable_node>
			<tech_unalterable_node_name>VSS</tech_unalterable_node_name>			
		</tech_unalterable_node>
		<tech_unalterable_node>
			<tech_unalterable_node_name>GND</tech_unalterable_node_name>
		</tech_unalterable_node>
		<tech_unalterable_node>
			<tech_unalterable_node_name>vdd!</tech_unalterable_node_name>
		</tech_unalterable_node>
		<tech_unalterable_node>
			<tech_unalterable_node_name>vss!</tech_unalterable_node_name>			
		</tech_unalterable_node>
		<tech_unalterable_node>
			<tech_unalterable_node_name>gnd!</tech_unalterable_node_name>
		</tech_unalterable_node>
		<tech_unalterable_node>
			<tech_unalterable_node_name>VDD!</tech_unalterable_node_name>
		</tech_unalterable_node>
		<tech_unalterable_node>
			<tech_unalterable_node_name>VSS!</tech_unalterable_node_name>			
		</tech_unalterable_node>
		<tech_unalterable_node>
			<tech_unalterable_node_name>GND!</tech_unalterable_node_name>
		</tech_unalterable_node>
		<tech_unalterable_node>
			<tech_unalterable_node_name>0</tech_unalterable_node_name>
		</tech_unalterable_node>
	</tech_unalterable_nodes>
</root>
