<?xml version="1.0"?>
<root>
	<technology>ON_SEMI</technology>
	<transistors>
		<statement name="n">
			<master_name>enm</master_name>
			<description>ON_SEMI nmos 4 node transistor</description>
			<nodes>
				<node>
					<position>0</position>
					<name>source</name>
				</node>
				<node>
					<position>1</position>
					<name>gate</name>
				</node>
				<node>
					<position>2</position>
					<name>drain</name>
				</node>
				<node>
					<position>3</position>
					<name>bulk</name>
				</node>
			</nodes>
		</statement>
		<statement name="p">
			<master_name>epm</master_name>
			<description>ON_SEMI pmos 4 node transistor</description>
			<nodes>
				<node>
					<position>0</position>
					<name>drain</name>
				</node>
				<node>
					<position>1</position>
					<name>gate</name>
				</node>
				<node>
					<position>2</position>
					<name>source</name>
				</node>
				<node>
					<position>3</position>
					<name>bulk</name>
				</node>
			</nodes>
		</statement>
	</transistors>
	<unalterable_nodes>
		<unalterable_node>
			<unalterable_node_name>vdd</unalterable_node_name>
		</unalterable_node>
		<unalterable_node>
			<unalterable_node_name>vss</unalterable_node_name>			
		</unalterable_node>
		<unalterable_node>
			<unalterable_node_name>gnd</unalterable_node_name>
		</unalterable_node>
		<unalterable_node>
			<unalterable_node_name>VDD</unalterable_node_name>
		</unalterable_node>
		<unalterable_node>
			<unalterable_node_name>VSS</unalterable_node_name>			
		</unalterable_node>
		<unalterable_node>
			<unalterable_node_name>GND</unalterable_node_name>
		</unalterable_node>
		<unalterable_node>
			<unalterable_node_name>vdd!</unalterable_node_name>
		</unalterable_node>
		<unalterable_node>
			<unalterable_node_name>vss!</unalterable_node_name>			
		</unalterable_node>
		<unalterable_node>
			<unalterable_node_name>gnd!</unalterable_node_name>
		</unalterable_node>
		<unalterable_node>
			<unalterable_node_name>VDD!</unalterable_node_name>
		</unalterable_node>
		<unalterable_node>
			<unalterable_node_name>VSS!</unalterable_node_name>			
		</unalterable_node>
		<unalterable_node>
			<unalterable_node_name>GND!</unalterable_node_name>
		</unalterable_node>
		<unalterable_node>
			<unalterable_node_name>0</unalterable_node_name>
		</unalterable_node>
	</unalterable_nodes>
</root>
